{
    "info": {
        "name": "Department API",
        "schema": "https://schema.getpostman.com/json/collection/v2.1.0/collection.json"
    },
    "item": [
        {
            "name": "Get All Departments",
            "request": {
                "method": "GET",
                "url": "{{base_url}}/department"
            }
        },
        {
            "name": "Get Department by ID",
            "request": {
                "method": "GET",
                "url": {
                    "raw": "{{base_url}}/department/:id",
                    "host": [
                        "{{base_url}}"
                    ],
                    "path": [
                        "department",
                        ":id"
                    ],
                    "variable": [
                        {
                            "key": "id",
                            "value": "1"
                        }
                    ]
                }
            }
        },
        {
            "name": "Add Department",
            "request": {
                "method": "POST",
                "header": [
                    {
                        "key": "Content-Type",
                        "value": "application/json"
                    }
                ],
                "url": "{{base_url}}/department",
                "body": {
                    "mode": "raw",
                    "raw": "{\n    \"Name\": \"New Department\"\n}"
                }
            }
        },
        {
            "name": "Update Department",
            "request": {
                "method": "PUT",
                "header": [
                    {
                        "key": "Content-Type",
                        "value": "application/json"
                    }
                ],
                "url": {
                    "raw": "{{base_url}}/department/:id",
                    "host": [
                        "{{base_url}}"
                    ],
                    "path": [
                        "department",
                        ":id"
                    ],
                    "variable": [
                        {
                            "key": "id",
                            "value": "1"
                        }
                    ]
                },
                "body": {
                    "mode": "raw",
                    "raw": "{\n    \"Name\": \"Updated Department\"\n}"
                }
            }
        },
        {
            "name": "Delete Department",
            "request": {
                "method": "DELETE",
                "url": {
                    "raw": "{{base_url}}/department/:id",
                    "host": [
                        "{{base_url}}"
                    ],
                    "path": [
                        "department",
                        ":id"
                    ],
                    "variable": [
                        {
                            "key": "id",
                            "value": "1"
                        }
                    ]
                }
            }
        }
    ],
    "variable": [
        {
            "key": "base_url",
            "value": "http://localhost/api",
            "type": "string"
        }
    ]
}